F-DT-03-prescription-litige,default,prescription de l'action portant sur l'exécution du contrat de travail article L1471-1,,
F-DT-03-prescription-litige,default,prescription biennale rupture du contrat de travail point de départ du délai,,
F-DT-31-transaction,default,transaction rupture du contrat de travail concessions réciproques article 2044,,
F-DT-31-transaction,default,transaction salarié autorité de chose jugée portée de la renonciation,,
F-136-travail-procedure,default,procédure prud'homale unicité de l'instance oralité des débats,,
F-DT-33-at-mp,default,faute inexcusable de l'employeur accident du travail conscience du danger article L452-1,,
F-DT-33-at-mp,default,faute inexcusable maladie professionnelle majoration de la rente,,
F-DT-30-protection-rp,default,salarié protégé statut protecteur indemnité d'éviction réintégration,,
F-DT-30-protection-rp,default,licenciement du salarié protégé période de protection mandat,,
F-FA-08-divorce-alteration,default,divorce altération définitive du lien conjugal article 238 cessation de la communauté de vie,,
F-FA-09-divorce-faute,default,divorce pour faute article 242 violation grave ou renouvelée des devoirs et obligations du mariage,,
F-FA-10-divorce-accepte,default,divorce accepté acceptation du principe de la rupture du mariage article 233,,
F-FA-12-mesures-provisoires,default,mesures provisoires divorce article 255 jouissance du logement pension au titre du devoir de secours,,
F-FA-13-revisions-post-divorce,default,révision de la prestation compensatoire rente changement important article 276-3,,
F-FA-13-revisions-post-divorce,default,révision de la pension alimentaire contribution à l'entretien et l'éducation de l'enfant,,
F-FA-14-ordonnance-protection,default,ordonnance de protection violences au sein du couple article 515-9 danger,,
F-FA-21-separation-corps,default,séparation de corps conversion en divorce article 296 306,,
F-FA-20-pacs-dissolution,default,rupture du pacte civil de solidarité conséquences indemnisation article 515-7,,
F-FA-19-autorite-parentale,default,exercice de l'autorité parentale intérêt de l'enfant article 373-2,,
F-FA-19-changement-residence,default,résidence habituelle de l'enfant résidence alternée article 373-2-9,,
F-FA-19-desaccords-parentaux,default,désaccord entre parents sur l'autorité parentale article 373-2-6 juge aux affaires familiales,,
mediation-familiale-pre-saisine,default,tentative de médiation familiale préalable article 373-2-10,,
F-FA-18-reconnaissance-paternelle,default,reconnaissance de paternité établissement de la filiation article 316,,
F-FA-18-contestation-paternite,default,contestation de paternité expertise biologique articles 332 333,,
F-FA-18-recherche-paternite,default,action en recherche de paternité expertise génétique article 327,,
F-FA-18-possession-etat,default,possession d'état filiation acte de notoriété articles 311-1 317,,
F-FA-18-adoption,default,adoption plénière intérêt de l'enfant consentement articles 343 353,,
F-FA-16-communaute-universelle,default,communauté universelle clause d'attribution intégrale au conjoint survivant article 1526,,
F-FA-22-indivision,default,indivision indemnité d'occupation gestion des biens indivis article 815,,
F-FA-17-partage-judiciaire,default,partage judiciaire licitation attribution préférentielle articles 840 831,,
F-FA-23-ordonnance-requete,default,ordonnance sur requête article 493 code de procédure civile rétractation,,
F-FA-25-majeurs-proteges,default,curatelle tutelle majeur protégé altération des facultés articles 425 440,,
F-FA-26-changement-etat-civil,default,changement de la mention du sexe à l'état civil article 61-5,,
F-FA-26-changement-etat-civil,default,changement de prénom intérêt légitime à l'état civil,,
F-FA-27-pma-gpa,default,transcription à l'état civil de l'enfant né de gestation pour autrui à l'étranger article 47,,
F-FA-24-devolution-legale,default,dévolution successorale légale ordre et degré des héritiers article 734,,
F-FA-24-testament-validite,default,validité du testament olographe forme article 970,,
F-FA-24-testament-validite,default,insanité d'esprit nullité du testament article 901,,
F-FA-24-donation,default,réduction des libéralités donation déguisée articles 931 894,,
F-FA-24-reserve-heriditaire,default,réserve héréditaire quotité disponible réduction des libéralités articles 912 913,,
F-FA-24-partage-successoral,default,recel successoral sanction article 778,,
F-FA-24-partage-successoral,default,attribution préférentielle dans le partage article 831,,
F-FA-24-indivision-successorale,default,indivision successorale indemnité d'occupation article 815,,
F-FA-24-rapport-succession,default,rapport des libéralités à la succession article 843,,
acceptation-renonciation-succession,default,option successorale acceptation pure et simple renonciation articles 768 771,,
acceptation-renonciation-succession,default,acceptation à concurrence de l'actif net délai article 787,,
