F-DT-04-fiche-prudhomale,default,Fiche prud'homale,chambre sociale,
F-DT-04-fiche-prudhomale,default,fiche prudhomale,chambre sociale,
F-DT-04-fiche-prudhomale,default,Fiche prud'homale Cour de cassation chambre sociale,chambre sociale,
prescription-be-litige-travail,default,Prescription litige travail,,
c4-onem-checklist,default,Checklist C4 ONEM,,
contestation-c4-onem,default,Contestation C4 ONEM,,
at-fedris-declaration,default,Déclaration AT Fedris,,
refere-tribunal-travail-be,default,Référé tribunal du travail,,
rcc-be-conditions,default,RCC BE conditions d'éligibilité,,
rcc-be-indemnite-complementaire,default,RCC BE indemnité complémentaire,,
outplacement-be-obligatoire-45,default,Outplacement obligatoire 45+,,
F-DT-06-requete-tribunal-travail,default,Requête tribunal du travail,,
F-DT-07-anciennete-conges-prime,default,Ancienneté congés et primes,chambre sociale,
F-DT-07-anciennete-conges-prime,default,anciennete conges prime,chambre sociale,
F-DT-07-anciennete-conges-prime,default,Ancienneté congés et primes Cour de cassation chambre sociale,chambre sociale,
F-DT-08-licenciement-validity,default,Licenciement validité,chambre sociale,
F-DT-08-licenciement-validity,default,licenciement validity,chambre sociale,
F-DT-08-licenciement-validity,default,Licenciement validité Cour de cassation chambre sociale,chambre sociale,
F-DT-09-comparateur-indemnites,default,Comparateur d'indemnités,chambre sociale,
F-DT-09-comparateur-indemnites,default,comparateur indemnites,chambre sociale,
F-DT-09-comparateur-indemnites,default,Comparateur d'indemnités Cour de cassation chambre sociale,chambre sociale,
F-DT-10-rupture-conv-validity,default,Rupture conventionnelle validité,chambre sociale,
F-DT-10-rupture-conv-validity,default,rupture conv validity,chambre sociale,
F-DT-10-rupture-conv-validity,default,Rupture conventionnelle validité Cour de cassation chambre sociale,chambre sociale,
F-132-rupture-conv-indemnite,default,Rupture conventionnelle indemnité,chambre sociale,
F-132-rupture-conv-indemnite,default,rupture conv indemnite,chambre sociale,
F-132-rupture-conv-indemnite,default,Rupture conventionnelle indemnité Cour de cassation chambre sociale,chambre sociale,
F-DT-11-harcelement-licenciement-nul,default,Harcèlement licenciement nul,chambre sociale,
F-DT-11-harcelement-licenciement-nul,default,harcelement licenciement nul,chambre sociale,
F-DT-11-harcelement-licenciement-nul,default,Harcèlement licenciement nul Cour de cassation chambre sociale,chambre sociale,
F-DT-16-licenciement-nul-detection,default,Détection de licenciement nul,chambre sociale,
F-DT-16-licenciement-nul-detection,default,licenciement nul detection,chambre sociale,
F-DT-16-licenciement-nul-detection,default,Détection de licenciement nul Cour de cassation chambre sociale,chambre sociale,
F-DT-36-procedure-nullite-licenciement,default,Nullité de procédure de licenciement,chambre sociale,
F-DT-36-procedure-nullite-licenciement,default,procedure nullite licenciement,chambre sociale,
F-DT-36-procedure-nullite-licenciement,default,Nullité de procédure de licenciement Cour de cassation chambre sociale,chambre sociale,
F-DT-42-abandon-poste-presomption-demission,default,Abandon de poste présomption de démission,chambre sociale,
F-DT-42-abandon-poste-presomption-demission,default,abandon poste presomption demission,chambre sociale,
F-DT-42-abandon-poste-presomption-demission,default,Abandon de poste présomption de démission Cour de cassation chambre sociale,chambre sociale,
F-DT-75-conges-payes-arret-maladie,default,Congés payés acquis pendant arrêt maladie,chambre sociale,
F-DT-75-conges-payes-arret-maladie,default,conges payes arret maladie,chambre sociale,
F-DT-75-conges-payes-arret-maladie,default,Congés payés acquis pendant arrêt maladie Cour de cassation chambre sociale,chambre sociale,
F-DT-39-prise-acte-rupture,default,Prise d'acte de la rupture,chambre sociale,
F-DT-39-prise-acte-rupture,default,prise acte rupture,chambre sociale,
F-DT-39-prise-acte-rupture,default,Prise d'acte de la rupture Cour de cassation chambre sociale,chambre sociale,
F-DT-36-licenciement-faute-grave-lourde,default,Faute grave faute lourde,chambre sociale,
F-DT-36-licenciement-faute-grave-lourde,default,licenciement faute grave lourde,chambre sociale,
F-DT-36-licenciement-faute-grave-lourde,default,Faute grave faute lourde Cour de cassation chambre sociale,chambre sociale,
F-DT-50-forfait-jours-validite,default,Forfait jours validité,chambre sociale,
F-DT-50-forfait-jours-validite,default,forfait jours validite,chambre sociale,
F-DT-50-forfait-jours-validite,default,Forfait jours validité Cour de cassation chambre sociale,chambre sociale,
F-DT-72-transfert-entreprise-l1224-1,default,Transfert d’entreprise L. 1224-1,chambre sociale,
F-DT-72-transfert-entreprise-l1224-1,default,transfert entreprise l1224,chambre sociale,
F-DT-72-transfert-entreprise-l1224-1,default,Transfert d’entreprise L. 1224-1 Cour de cassation chambre sociale,chambre sociale,
F-DT-44-csp-crp-conformite,default,CSP CRP conformité de la proposition,chambre sociale,
F-DT-44-csp-crp-conformite,default,csp crp conformite,chambre sociale,
F-DT-44-csp-crp-conformite,default,CSP CRP conformité de la proposition Cour de cassation chambre sociale,chambre sociale,
F-DT-91-faute-inexcusable-employeur,default,Faute inexcusable de l’employeur,chambre sociale,
F-DT-91-faute-inexcusable-employeur,default,faute inexcusable employeur,chambre sociale,
F-DT-91-faute-inexcusable-employeur,default,Faute inexcusable de l’employeur Cour de cassation chambre sociale,chambre sociale,
F-DT-40-resiliation-judiciaire-cph,default,Résiliation judiciaire du contrat,chambre sociale,
F-DT-40-resiliation-judiciaire-cph,default,resiliation judiciaire cph,chambre sociale,
F-DT-40-resiliation-judiciaire-cph,default,Résiliation judiciaire du contrat Cour de cassation chambre sociale,chambre sociale,
F-DT-38-rupture-periode-essai,default,Rupture de période d'essai,chambre sociale,
F-DT-38-rupture-periode-essai,default,rupture periode essai,chambre sociale,
F-DT-38-rupture-periode-essai,default,Rupture de période d'essai Cour de cassation chambre sociale,chambre sociale,
F-DT-12-discrimination-dommages-interets,default,Discrimination dommages-intérêts,chambre sociale,
F-DT-12-discrimination-dommages-interets,default,discrimination dommages interets,chambre sociale,
F-DT-12-discrimination-dommages-interets,default,Discrimination dommages-intérêts Cour de cassation chambre sociale,chambre sociale,
F-DT-13-licenciement-economique,default,Licenciement économique,chambre sociale,
F-DT-13-licenciement-economique,default,licenciement economique,chambre sociale,
F-DT-13-licenciement-economique,default,Licenciement économique Cour de cassation chambre sociale,chambre sociale,
F-DT-15-inaptitude,default,Inaptitude indemnités,chambre sociale,
F-DT-15-inaptitude,default,inaptitude,chambre sociale,
F-DT-15-inaptitude,default,Inaptitude indemnités Cour de cassation chambre sociale,chambre sociale,
F-DT-19-heures-sup,default,Heures supplémentaires,chambre sociale,
F-DT-19-heures-sup,default,heures sup,chambre sociale,
F-DT-19-heures-sup,default,Heures supplémentaires Cour de cassation chambre sociale,chambre sociale,
F-DT-17-indemnite-precarite-cdd,default,Indemnité de précarité CDD,chambre sociale,
F-DT-17-indemnite-precarite-cdd,default,indemnite precarite cdd,chambre sociale,
F-DT-17-indemnite-precarite-cdd,default,Indemnité de précarité CDD Cour de cassation chambre sociale,chambre sociale,
F-DT-26-conges-payes-indemnite,default,Indemnité congés payés,chambre sociale,
F-DT-26-conges-payes-indemnite,default,conges payes indemnite,chambre sociale,
F-DT-26-conges-payes-indemnite,default,Indemnité congés payés Cour de cassation chambre sociale,chambre sociale,
F-DT-18-fin-mission-interim,default,Fin de mission intérim,chambre sociale,
F-DT-18-fin-mission-interim,default,fin mission interim,chambre sociale,
F-DT-18-fin-mission-interim,default,Fin de mission intérim Cour de cassation chambre sociale,chambre sociale,
F-DT-32-documents-fin-contrat,default,Documents de fin de contrat,chambre sociale,
F-DT-32-documents-fin-contrat,default,documents fin contrat,chambre sociale,
F-DT-32-documents-fin-contrat,default,Documents de fin de contrat Cour de cassation chambre sociale,chambre sociale,
F-DT-34-refere-prudhomal,default,Référé prud'homal,chambre sociale,
F-DT-34-refere-prudhomal,default,refere prudhomal,chambre sociale,
F-DT-34-refere-prudhomal,default,Référé prud'homal Cour de cassation chambre sociale,chambre sociale,
F-DT-21-travail-dissimule,default,Travail dissimulé,chambre sociale,
F-DT-21-travail-dissimule,default,travail dissimule,chambre sociale,
F-DT-21-travail-dissimule,default,Travail dissimulé Cour de cassation chambre sociale,chambre sociale,
F-DT-25-indemnite-preavis,default,Indemnité de préavis,chambre sociale,
F-DT-25-indemnite-preavis,default,indemnite preavis,chambre sociale,
F-DT-25-indemnite-preavis,default,Indemnité de préavis Cour de cassation chambre sociale,chambre sociale,
F-DT-20-rappel-salaire,default,Rappel de salaire,chambre sociale,
F-DT-20-rappel-salaire,default,rappel salaire,chambre sociale,
F-DT-20-rappel-salaire,default,Rappel de salaire Cour de cassation chambre sociale,chambre sociale,
F-DT-22-requalification-cdd-cdi,default,Requalification CDD en CDI,chambre sociale,
F-DT-22-requalification-cdd-cdi,default,requalification cdd cdi,chambre sociale,
F-DT-22-requalification-cdd-cdi,default,Requalification CDD en CDI Cour de cassation chambre sociale,chambre sociale,
F-DT-23-requalification-interim-cdi,default,Requalification intérim en CDI,chambre sociale,
F-DT-23-requalification-interim-cdi,default,requalification interim cdi,chambre sociale,
F-DT-23-requalification-interim-cdi,default,Requalification intérim en CDI Cour de cassation chambre sociale,chambre sociale,
F-DT-24-non-concurrence,default,Clause de non-concurrence,chambre sociale,
F-DT-24-non-concurrence,default,non concurrence,chambre sociale,
F-DT-24-non-concurrence,default,Clause de non-concurrence Cour de cassation chambre sociale,chambre sociale,
F-132-rupture-amiable-info,default,Rupture amiable informations,chambre sociale,
F-132-rupture-amiable-info,default,rupture amiable info,chambre sociale,
F-132-rupture-amiable-info,default,Rupture amiable informations Cour de cassation chambre sociale,chambre sociale,
F-IM-21-jld-retention-fr,default,JLD rétention administrative,,
F-IM-21-jld-retention-fr,default,jld retention,,
F-IM-21-jld-retention-fr,default,JLD rétention administrative Conseil d'État,,
F-IM-22-dublin-recours-fr,default,Dublin recours,,
F-IM-22-dublin-recours-fr,default,Dublin recours Conseil d'État,,
F-IM-23-crrv-refus-visa-fr,default,CRRV refus de visa,,
F-IM-23-crrv-refus-visa-fr,default,crrv refus visa,,
F-IM-23-crrv-refus-visa-fr,default,CRRV refus de visa Conseil d'État,,
F-IM-24-victime-violences-l4256-fr,default,Victime de violences L.425-6,,
F-IM-24-victime-violences-l4256-fr,default,victime violences l4256,,
F-IM-24-victime-violences-l4256-fr,default,Victime de violences L.425-6 Conseil d'État,,
F-IM-25-etranger-malade-l4259-fr,default,Étranger malade L.425-9,,
F-IM-25-etranger-malade-l4259-fr,default,etranger malade l4259,,
F-IM-25-etranger-malade-l4259-fr,default,Étranger malade L.425-9 Conseil d'État,,
F-FA-01-prestation-compensatoire,default,Prestation compensatoire,chambre civile,
F-FA-01-prestation-compensatoire,default,Prestation compensatoire Cour de cassation chambre civile,chambre civile,
F-FA-02-pension-alimentaire,default,Pension alimentaire enfant,chambre civile,
F-FA-02-pension-alimentaire,default,pension alimentaire,chambre civile,
F-FA-02-pension-alimentaire,default,Pension alimentaire enfant Cour de cassation chambre civile,chambre civile,
F-FA-04-liquidation-communaute,default,Liquidation de communauté,chambre civile,
F-FA-04-liquidation-communaute,default,liquidation communaute,chambre civile,
F-FA-04-liquidation-communaute,default,Liquidation de communauté Cour de cassation chambre civile,chambre civile,
F-FA-ARIPA-RECOUVREMENT,default,ARIPA recouvrement,chambre civile,
F-FA-ARIPA-RECOUVREMENT,default,ARIPA recouvrement Cour de cassation chambre civile,chambre civile,
F-FA-XX-delegation-ap,default,Délégation autorité parentale,chambre civile,
F-FA-XX-delegation-ap,default,XX delegation ap,chambre civile,
F-FA-XX-delegation-ap,default,Délégation autorité parentale Cour de cassation chambre civile,chambre civile,
F-FA-RETRAIT-AP,default,Retrait autorité parentale,chambre civile,
F-FA-RETRAIT-AP,default,RETRAIT AP,chambre civile,
F-FA-RETRAIT-AP,default,Retrait autorité parentale Cour de cassation chambre civile,chambre civile,
F-FA-ADOPTION-INTRA,default,Adoption intra-familiale,chambre civile,
F-FA-ADOPTION-INTRA,default,ADOPTION INTRA,chambre civile,
F-FA-ADOPTION-INTRA,default,Adoption intra-familiale Cour de cassation chambre civile,chambre civile,
F-FA-ADOPTION-INTERNATIONALE,default,Adoption internationale,chambre civile,
F-FA-ADOPTION-INTERNATIONALE,default,Adoption internationale Cour de cassation chambre civile,chambre civile,
F-FA-AUDITION-MINEUR,default,Audition du mineur,chambre civile,
F-FA-AUDITION-MINEUR,default,AUDITION MINEUR,chambre civile,
F-FA-AUDITION-MINEUR,default,Audition du mineur Cour de cassation chambre civile,chambre civile,
F-FA-INDIGNITE-SUCCESSORALE,default,Indignité successorale,chambre civile,
F-FA-INDIGNITE-SUCCESSORALE,default,INDIGNITE SUCCESSORALE,chambre civile,
F-FA-INDIGNITE-SUCCESSORALE,default,Indignité successorale Cour de cassation chambre civile,chambre civile,
F-FA-RECEL-SUCCESSION,default,Recel de succession,chambre civile,
F-FA-RECEL-SUCCESSION,default,RECEL SUCCESSION,chambre civile,
F-FA-RECEL-SUCCESSION,default,Recel de succession Cour de cassation chambre civile,chambre civile,
F-FA-DONATION-ENTRE-EPOUX,default,Donation entre époux,chambre civile,
F-FA-DONATION-ENTRE-EPOUX,default,DONATION ENTRE EPOUX,chambre civile,
F-FA-DONATION-ENTRE-EPOUX,default,Donation entre époux Cour de cassation chambre civile,chambre civile,
F-FA-PARTAGE-NOTARIAL,default,Partage successoral notarié,chambre civile,
F-FA-PARTAGE-NOTARIAL,default,PARTAGE NOTARIAL,chambre civile,
F-FA-PARTAGE-NOTARIAL,default,Partage successoral notarié Cour de cassation chambre civile,chambre civile,
F-FA-DONATION-PARTAGE,default,Donation-partage,chambre civile,
F-FA-DONATION-PARTAGE,default,DONATION PARTAGE,chambre civile,
F-FA-DONATION-PARTAGE,default,Donation-partage Cour de cassation chambre civile,chambre civile,
F-FA-PRESOMPTION-PATERNITE,default,Présomption de paternité,chambre civile,
F-FA-PRESOMPTION-PATERNITE,default,PRESOMPTION PATERNITE,chambre civile,
F-FA-PRESOMPTION-PATERNITE,default,Présomption de paternité Cour de cassation chambre civile,chambre civile,
F-FA-05-partage-immobilier,default,Partage immobilier,chambre civile,
F-FA-05-partage-immobilier,default,Partage immobilier Cour de cassation chambre civile,chambre civile,
F-FA-15-recompenses,default,Récompenses entre époux,chambre civile,
F-FA-15-recompenses,default,recompenses,chambre civile,
F-FA-15-recompenses,default,Récompenses entre époux Cour de cassation chambre civile,chambre civile,
F-FA-06-calendrier-garde,default,Calendrier de garde,chambre civile,
F-FA-06-calendrier-garde,default,calendrier garde,chambre civile,
F-FA-06-calendrier-garde,default,Calendrier de garde Cour de cassation chambre civile,chambre civile,
F-FA-07-checklist-divorce,default,Checklist divorce,chambre civile,
F-FA-07-checklist-divorce,default,Checklist divorce Cour de cassation chambre civile,chambre civile,
F-152-divorce-consentement-scoring,default,Divorce par consentement mutuel scoring,chambre civile,
F-152-divorce-consentement-scoring,default,divorce consentement scoring,chambre civile,
F-152-divorce-consentement-scoring,default,Divorce par consentement mutuel scoring Cour de cassation chambre civile,chambre civile,
F-153-fourchettes-jaf,default,Fourchettes JAF,chambre civile,
F-153-fourchettes-jaf,default,Fourchettes JAF Cour de cassation chambre civile,chambre civile,
F-IM-01-checklist-pieces,default,Checklist pièces immigration,,
F-IM-01-checklist-pieces,default,checklist pieces,,
F-IM-01-checklist-pieces,default,Checklist pièces immigration Conseil d'État,,
F-IM-05-arbre-decisionnel-titre,default,Arbre décisionnel titre de séjour,,
F-IM-05-arbre-decisionnel-titre,default,arbre decisionnel titre,,
F-IM-05-arbre-decisionnel-titre,default,Arbre décisionnel titre de séjour Conseil d'État,,
F-IM-06-recours,default,Recours immigration,,
F-IM-06-recours,default,recours,,
F-IM-06-recours,default,Recours immigration Conseil d'État,,
F-IM-07-droit-au-travail,default,Droit au travail des étrangers,,
F-IM-07-droit-au-travail,default,droit au travail,,
F-IM-07-droit-au-travail,default,Droit au travail des étrangers Conseil d'État,,
F-IM-08-oqtf-avec-delai-fr,default,OQTF avec délai,,
F-IM-08-oqtf-avec-delai-fr,default,oqtf avec delai,,
F-IM-08-oqtf-avec-delai-fr,default,OQTF avec délai Conseil d'État,,
