clause-non-concurrence-be,default,clause de non-concurrence contrat de travail conditions de validité loi du 3 juillet 1978 Cour de cassation Belgique,,
at-mp-rente-capital-be,default,accident du travail rente et indemnisation loi du 10 avril 1971 Cour de cassation Belgique,,
F-DT-27-motif-grave-be,default,licenciement pour motif grave article 35 loi du 3 juillet 1978 délai de trois jours Cour de cassation Belgique,,
licenciement-be-cct109-deraisonnable,default,licenciement manifestement déraisonnable CCT n° 109 indemnité Cour de cassation Belgique,,
divorce-ddi-3voies-be,default,divorce pour désunion irrémédiable article 229 code civil belge Cour de cassation,,
autorite-parentale-be,default,autorité parentale hébergement égalitaire intérêt de l'enfant article 374 code civil belge,,
contribution-alimentaire-enfants-be,default,contribution alimentaire pour enfants article 203 code civil belge frais extraordinaires,,
contestation-filiation-be,default,contestation de la présomption de paternité article 318 code civil belge,,
F-IM-26-regroupement-10ter-be,default,regroupement familial article 10ter loi du 15 décembre 1980 sur les étrangers Belgique,,
F-IM-31-cce-annulation-30j-be,default,Conseil du contentieux des étrangers recours en annulation délai de trente jours,,
