c4-onem-checklist,default,formulaire C4 chômage ONEM motif de fin de contrat litige Cour du travail Belgique,,
contestation-c4-onem,default,contestation du C4 motif de chômage exclusion des allocations ONEM Cour du travail Belgique,,
at-fedris-declaration,default,accident du travail déclaration Fedris loi du 10 avril 1971 Cour de cassation Belgique,,
refere-tribunal-travail-be,default,référé président du tribunal du travail urgence Code judiciaire Belgique,,
rcc-be-conditions,default,régime de chômage avec complément d'entreprise RCC conditions CCT 17 Cour du travail Belgique,,
rcc-be-indemnite-complementaire,default,indemnité complémentaire RCC à charge de l'employeur CCT 17 Cour du travail Belgique,,
outplacement-be-obligatoire-45,default,reclassement professionnel outplacement CCT 82 travailleur de 45 ans Cour du travail Belgique,,
F-DT-06-requete-tribunal-travail,default,procédure devant le tribunal du travail requête contradictoire Code judiciaire Belgique,,
F-IM-25-single-permit-be,default,permis unique travail et séjour directive 2011/98 Conseil du contentieux des étrangers Belgique,,
F-IM-26-regroupement-10ter-be,default,regroupement familial article 10ter loi du 15 décembre 1980 sur les étrangers Belgique,,
F-IM-31-cce-annulation-30j-be,default,Conseil du contentieux des étrangers recours en annulation délai de trente jours,,
F-IM-32-cce-extreme-urgence-5j-be,default,Conseil du contentieux des étrangers suspension en extrême urgence mesures provisoires,,
F-IM-33-annexe13quinquies-ie-be,default,ordre de quitter le territoire et interdiction d'entrée annexe 13quinquies loi 15 décembre 1980,,
F-IM-34-protection-temporaire-ukraine-be,default,protection temporaire Ukraine directive 2001/55 séjour Belgique,,
F-IM-27-regroupement-10bis-be,default,regroupement familial article 10bis étudiant loi du 15 décembre 1980 Belgique,,
F-IM-28-naturalisation-12bis-be,default,acquisition de la nationalité belge par déclaration article 12bis Code de la nationalité,,
F-IM-29-naturalisation-conjoint-belge-be,default,acquisition de la nationalité belge conjoint d'un Belge article 16 Code de la nationalité,,
F-IM-30-aesm-mena-be,default,mineur étranger non accompagné tutelle solution durable intérêt supérieur Belgique,,
F-IM-08-annexe13-be,default,ordre de quitter le territoire annexe 13 loi du 15 décembre 1980 sur les étrangers Belgique,,
F-IM-14-40ter-familial-belge-be,default,regroupement familial membre de la famille d'un Belge article 40ter loi du 15 décembre 1980,,
F-IM-14-9bis-humanitaire-be,default,autorisation de séjour article 9bis loi du 15 décembre 1980 circonstances exceptionnelles,,
F-IM-14-9ter-medical-be,default,régularisation médicale article 9ter loi du 15 décembre 1980 étranger gravement malade,,
F-IM-14-40bis-cohabitant-ue-be,default,membre de la famille d'un citoyen de l'Union article 40bis loi du 15 décembre 1980 cohabitant,,
F-DT-27-motif-grave-be,default,licenciement pour motif grave article 35 loi du 3 juillet 1978 délai de trois jours Cour de cassation Belgique,,
clause-non-concurrence-be,default,clause de non-concurrence article 65 loi du 3 juillet 1978 conditions de validité Cour de cassation Belgique,,
rappel-salaire-be,default,arriérés de rémunération prescription loi du 12 avril 1965 Cour de cassation Belgique,,
licenciement-be-statut-unique-preavis,default,délai de préavis statut unique ouvriers employés loi du 26 décembre 2013 Cour de cassation Belgique,,
licenciement-be-formule-claeys,default,indemnité de congé employé ancienneté rémunération annuelle Cour du travail Belgique,,
licenciement-be-protection-grossesse,default,licenciement de la travailleuse enceinte protection de la maternité article 40 loi du 16 mars 1971 Belgique,,
transaction-be-travail,default,transaction fin de contrat de travail renonciation concessions réciproques Cour de cassation Belgique,,
harcelement-be-procedure-formelle,default,harcèlement moral demande d'intervention psychosociale formelle loi du 4 août 1996 bien-être Belgique,,
licenciement-be-protection-deleguee,default,licenciement d'un délégué du personnel protection loi du 19 mars 1991 réintégration Cour de cassation Belgique,,
licenciement-be-acte-equivalent,default,acte équipollent à rupture modification unilatérale d'un élément essentiel du contrat Cour de cassation Belgique,,
licenciement-be-cct109-deraisonnable,default,licenciement manifestement déraisonnable CCT n° 109 indemnité Cour de cassation Belgique,,
rcc-be-metiers-lourds,default,régime de chômage avec complément d'entreprise métier lourd conditions Cour du travail Belgique,,
rcc-be-longue-carriere,default,régime de chômage avec complément d'entreprise longue carrière conditions Cour du travail Belgique,,
rcc-be-entreprise-difficulte,default,RCC entreprise en difficulté ou en restructuration reconnaissance Belgique,,
cumul-rcc-allocations,default,cumul du complément d'entreprise RCC avec une activité ou des revenus ONEM Belgique,,
outplacement-be-general-30sem,default,reclassement professionnel régime général préavis de 30 semaines CCT 82 Belgique,,
licenciement-be-fermeture-entreprise,default,fermeture d'entreprise indemnité loi du 26 juin 2002 licenciement Belgique,,
licenciement-be-collectif-renault,default,licenciement collectif information et consultation loi Renault du 13 février 1998 Belgique,,
transfert-entreprise-cct-32bis,default,transfert conventionnel d'entreprise maintien des droits CCT 32bis Cour de cassation Belgique,,
elections-sociales-be,default,élections sociales conseil d'entreprise comité PPT loi du 4 décembre 2007 Belgique,,
delegue-syndical-cct-5,default,délégation syndicale statut et protection CCT n° 5 Belgique,,
conge-education-paye-region,default,congé-éducation payé formation crédit d'heures régionalisé Belgique,,
flexi-job-be,default,flexi-job conditions d'occupation loi du 16 novembre 2015 Belgique,,
etudiant-jobiste-be,default,contrat d'occupation d'étudiant cotisation de solidarité 475 heures Belgique,,
interim-be-cct-322,default,travail intérimaire motifs et contrat CCT 322 loi du 24 juillet 1987 Belgique,,
interim-be-indemnite-fin-mission,default,travail intérimaire contrats journaliers successifs indemnité Cour de cassation Belgique,,
teletravail-be-cct-85-149,default,télétravail structurel CCT 85 et occasionnel CCT 149 conditions Belgique,,
clause-ecolage-be,default,clause d'écolage remboursement de formation article 22bis loi du 3 juillet 1978 Belgique,,
semaine-4-jours-be,default,semaine de quatre jours loi du 3 octobre 2022 deal pour l'emploi Belgique,,
droit-deconnexion-be,default,droit à la déconnexion loi du 3 octobre 2022 Belgique,,
pecule-vacances-be,default,pécule de vacances simple et double employé loi du 28 juin 1971 Belgique,,
eco-cheques-cheques-repas-be,default,éco-chèques et chèques-repas conditions d'exonération ONSS CCT Belgique,,
egalite-femmes-hommes-be,default,égalité de rémunération entre les femmes et les hommes CCT 25 loi du 10 mai 2007 Belgique,,
discrimination-be-handicap-amenagement,default,aménagements raisonnables pour le travailleur handicapé discrimination loi du 10 mai 2007 Belgique,,
code-penal-social-be,default,code pénal social sanctions infractions de niveau employeur Belgique,,
auditorat-travail-be,default,auditorat du travail ministère public exercice de l'action publique sociale Belgique,,
travail-noir-be-dimona,default,déclaration immédiate de l'emploi DIMONA travail non déclaré sanctions Belgique,,
inastri-statut-travailleur-independant,default,statut social des travailleurs indépendants requalification lien de subordination Cour de cassation Belgique,,
mp-fedris-reconnaissance,default,maladie professionnelle reconnaissance Fedris liste et système ouvert loi du 3 juin 1970 Belgique,,
at-mp-rente-capital-be,default,accident du travail rente et capitalisation incapacité permanente loi du 10 avril 1971 Belgique,,
bien-etre-rps-conseiller-prevention,default,risques psychosociaux conseiller en prévention demande d'intervention loi du 4 août 1996 Belgique,,
conge-paternite-naissance-be,default,congé de paternité et de naissance protection contre le licenciement loi du 3 juillet 1978 Belgique,,
interruption-carriere-soins-parental,default,congé parental interruption de carrière allocation ONEM CCT 64 Belgique,,
F-DT-28-avantages-conventionnels-be,default,force obligatoire d'une convention collective de travail avantages CCT Cour de cassation Belgique,,
F-DT-29-credit-temps-be,default,crédit-temps avec motif et allocations CCT 103 Belgique,,
F-FA-11-desunion-irremediable-be,default,divorce pour désunion irrémédiable preuve article 229 code civil belge,,
divorce-dc-be,default,divorce par consentement mutuel conventions préalables article 1287 Code judiciaire belge,,
divorce-ddi-3voies-be,default,divorce pour désunion irrémédiable article 229 § 1 2 3 code civil belge,,
tribunal-famille-be-mesures-prov,default,tribunal de la famille mesures provisoires urgence loi du 30 juillet 2013 Belgique,,
pacte-successoral-be-2018,default,pacte successoral global réforme du droit des successions loi du 31 juillet 2017 Belgique,,
regime-mat-be-communaute-legale,default,régime matrimonial légal biens propres et biens communs code civil belge,,
liquidation-partage-be,default,liquidation-partage après divorce récompenses article 1432 code civil belge,,
autorite-parentale-be,default,autorité parentale conjointe hébergement égalitaire intérêt de l'enfant article 374 code civil belge,,
contribution-alimentaire-enfants-be,default,contribution alimentaire pour les enfants article 203 code civil belge frais extraordinaires,,
contribution-conjoint-be,default,pension alimentaire après divorce entre ex-époux article 301 code civil belge,,
succession-be-devolution-reserve,default,réserve héréditaire des enfants quotité disponible réforme successorale 2017 code civil belge,,
succession-be-acceptation-renonciation,default,acceptation sous bénéfice d'inventaire et renonciation à succession code civil belge,,
mariage-etranger-be-reconnaissance,default,reconnaissance d'un mariage ou divorce étranger Code de droit international privé Belgique,,
contestation-filiation-be,default,contestation de la présomption de paternité article 318 code civil belge,,
protection-majeur-be,default,administration des biens et de la personne du majeur protégé loi du 17 mars 2013 Belgique,,
